{"operated_mapping_matrix_0": 0.6788012981414795, "curvature_matrix_0": 0.0008952617645263672, "curvature_reg_matrix_0": 1.0728836059570312e-05, "curvature_reg_matrix_cholesky_0": 3.5762786865234375e-05, "regularization_term_0": 3.5762786865234375e-06, "log_det_curvature_reg_matrix_term_0": 1.430511474609375e-06, "log_det_regularization_matrix_term_0": 1.9073486328125e-06}