{"blurred_mapping_matrix_0": 0.4859147071838379, "curvature_matrix_0": 0.0007038116455078125, "curvature_matrix_1": 8.344650268554688e-06, "curvature_reg_matrix_0": 1.5735626220703125e-05, "curvature_reg_matrix_cholesky_0": 3.4809112548828125e-05, "mapped_reconstructed_data_dict_from_0": 0.0004782676696777344}