{"transformed_mapping_matrix_0": 0.0081634521484375, "curvature_matrix_0": 6.532669067382812e-05, "curvature_matrix_1": 7.3909759521484375e-06, "curvature_reg_matrix_0": 1.1682510375976562e-05, "curvature_reg_matrix_cholesky_0": 2.765655517578125e-05, "mapped_reconstructed_data_dict_from_0": 0.008368730545043945}